{
  "id": 96,
  "uri": "http://fairdomhub.org/investigations/96",
  "title": "MM-PLF: Multiscale modeling for personalized liver function",
  "description": "",
  "contributor": {
    "name": "Matthias König",
    "uri": "http://fairdomhub.org/people/678",
    "orcid": "http://orcid.org/0000-0003-1725-179X"
  },
  "creators": [
    {
      "name": "Matthias König",
      "uri": "http://fairdomhub.org/people/678",
      "orcid": "http://orcid.org/0000-0003-1725-179X"
    }
  ],
  "studies": [
    "studies/170-galactose-metabolism/"
  ]
}